behavior,candidate,n,win_rate,gross_ev_r,net_ev_r,profit_factor_gross,profit_factor_net,ci_low,ci_high,informative,significant
range_high,RSIMeanReversionStrategy,3,0.6666666666666666,0.9999999999999929,0.7875532063329972,3.999999999999927,2.724770035484082,-1.3698403673483792,1.8916842414362256,false,false
trend_normal,RSIMeanReversionStrategy,67,0.373134328358209,0.5278545265019231,0.23923393003495072,2.1529597459678773,1.4008199972911408,-0.11654436983899873,0.5975052951046873,true,false
mixed_low,BollingerBreakoutStrategy,17,0.4117647058823529,0.4228032977205943,0.10708296573085978,1.898457007656264,1.1755949352821131,-0.49840316171515586,0.751351588090476,false,false
trend_high,BollingerBreakoutStrategy,36,0.3611111111111111,0.29205522617457585,0.10533591792161556,1.5924672610979314,1.1731428004520514,-0.36005085411064147,0.5757134185450375,true,false
trend_low,RSIMeanReversionStrategy,18,0.3888888888888889,0.28037398826033777,0.025399695646692904,1.4965626301373762,1.035846747756251,-0.625239573084291,0.6996633125562812,false,false
mixed_high,SMACrossoverStrategy,26,0.3076923076923077,0.18777602210296976,-0.027484425480968005,1.345597016156837,0.9591973254953937,-0.5520573376915288,0.5532264856069828,false,false
mixed_low,SMACrossoverStrategy,15,0.3333333333333333,0.23282381320031892,-0.06149356334319996,1.4365446497505983,0.9069364384091843,-0.7090406590213053,0.6181939994094648,false,false
mixed_high,RSIMeanReversionStrategy,20,0.2,0.13035938245365966,-0.07391016865081311,1.2607187649073197,0.8783347924989987,-0.6097815622456466,0.4830571986196205,false,false
mixed_low,DonchianBreakoutStrategy,22,0.36363636363636365,0.2569783067732075,-0.09990878643220819,1.5092664001169371,0.8628626349969405,-0.6837233107953018,0.537200996598328,false,false
range_normal,DonchianBreakoutStrategy,85,0.3176470588235294,0.16498356631448813,-0.10461410996367981,1.2956332775381043,0.8525726160427272,-0.39219738314007047,0.17433602169811993,true,false
range_low,MomentumStrategy,29,0.3448275862068966,0.19209738517678304,-0.10633896864912963,1.339748354108722,0.8520626918712002,-0.5612370748753869,0.4003701949343169,false,false
mixed_high,MomentumStrategy,33,0.2727272727272727,0.060824277919704635,-0.1362747712507779,1.1056421669131709,0.8043662794062482,-0.585331671434834,0.3358414244181187,true,false
mixed_high,BollingerBreakoutStrategy,51,0.27450980392156865,0.03227509488908357,-0.1769019180619289,1.0552580525036435,0.7554909532797901,-0.5355894347901167,0.19061647044063612,true,false
trend_high,RSIMeanReversionStrategy,109,0.27522935779816515,0.010772331200110485,-0.18434268291109204,1.0174190505858607,0.7519675575126401,-0.42953537293197885,0.07648412792166646,true,false
range_high,MomentumStrategy,45,0.24444444444444444,0.04380663673313863,-0.1889584744793493,1.077101856364084,0.7359875868963287,-0.5527735102831375,0.20659473660838817,true,false
mixed_high,DonchianBreakoutStrategy,52,0.23076923076923078,0.00042185809409400646,-0.20477405933566672,1.0007608197893278,0.6987367642336761,-0.5413637187166752,0.16016480010782672,true,false
mixed_low,RSIMeanReversionStrategy,8,0.375,0.11448945279595543,-0.20645233517969125,1.18015426933123,0.761900030382934,-1.0394330373049943,0.9704436573514355,false,false
trend_high,DonchianBreakoutStrategy,51,0.23529411764705882,-0.02209818688815221,-0.23062721729126187,0.9620493864073494,0.6771359455695902,-0.5897533662639355,0.12457399412021496,true,false
range_normal,SMACrossoverStrategy,22,0.3181818181818182,0.028177039378150474,-0.25584247930649695,1.0437536808711685,0.6827045655090636,-0.8192658024825002,0.3553781479540848,false,false
range_normal,MomentumStrategy,41,0.2682926829268293,0.006027981042360365,-0.28111427506524805,1.010125087342835,0.6423333464834843,-0.6884929227559465,0.12929620415562057,true,false
trend_normal,MomentumStrategy,28,0.25,-0.018577784041733714,-0.2856788806358079,0.9681392107417193,0.6284035545103671,-0.7399735681175941,0.23691509065350666,false,false
trend_high,SMACrossoverStrategy,51,0.17647058823529413,-0.09152411391951343,-0.29682853088136085,0.8350028364843355,0.5655046144125441,-0.6052603129853874,0.0033015199950970054,true,false
range_normal,BollingerBreakoutStrategy,85,0.25882352941176473,-0.04215889794693672,-0.30248630818600386,0.9334517454232981,0.6246999625334202,-0.5772010346761636,-0.02808312553199833,true,true
range_low,BollingerBreakoutStrategy,51,0.23529411764705882,-0.04173475178684983,-0.3281204475096668,0.9352483637433145,0.6097462992917914,-0.6953066268722018,0.05131359559669673,true,false
mixed_normal,DonchianBreakoutStrategy,56,0.26785714285714285,-0.07493726679954589,-0.3362255275114426,0.8866269035132284,0.5944462244607044,-0.6703916467834008,0.016855823560167998,true,false
range_low,DonchianBreakoutStrategy,47,0.2127659574468085,-0.08383968503375229,-0.34391309168315026,0.8712141527165065,0.5842875779683202,-0.7042815315639944,0.04654812808788172,true,false
range_high,BollingerBreakoutStrategy,74,0.21621621621621623,-0.11742638243392595,-0.35180243900162583,0.8128251245976537,0.5482850412408493,-0.6109045579552783,-0.06471360851760923,true,true
mixed_normal,MomentumStrategy,45,0.28888888888888886,-0.06924397673206038,-0.3567907312677645,0.8942449494697907,0.5870726668846543,-0.7285985277393524,0.0445124628890409,true,false
range_high,DonchianBreakoutStrategy,76,0.21052631578947367,-0.15942577770732735,-0.37828441587937717,0.7588675962943968,0.534705494042041,-0.6454589403909168,-0.07700579586853605,true,true
mixed_normal,BollingerBreakoutStrategy,44,0.25,-0.11980421187273019,-0.3858017713182159,0.817056437931639,0.5385876038377294,-0.7634380056765371,-0.007126585273435062,true,true
trend_low,BollingerBreakoutStrategy,10,0.3,-0.05060804490178359,-0.44105303859663125,0.9222142343637582,0.5236964787624179,-1.2269082795768116,0.45402450241758785,false,false
trend_normal,SMACrossoverStrategy,54,0.2037037037037037,-0.19137644177741167,-0.468612354198507,0.7133291173419378,0.4611465650102361,-0.7900461106244586,-0.1461114253411346,true,true
trend_low,SMACrossoverStrategy,11,0.18181818181818182,-0.15955028000337482,-0.4764787073802596,0.7676716060115778,0.4498293221687559,-1.2232610618672877,0.31484256600292354,false,false
mixed_normal,SMACrossoverStrategy,27,0.2222222222222222,-0.20652999115601278,-0.4890285042700673,0.7073458262016301,0.46442571794832466,-0.9549961463786397,0.024078024653999743,false,false
trend_normal,DonchianBreakoutStrategy,30,0.2,-0.21429109868184362,-0.5111049878092028,0.6938698590259383,0.43324206200682475,-0.908437343304287,-0.03238230435939614,true,true
trend_high,MomentumStrategy,41,0.14634146341463414,-0.3299856622644122,-0.5406023082939405,0.5231106588920595,0.36255526825105505,-0.8430951599168391,-0.21658041971033787,true,true
range_high,SMACrossoverStrategy,9,0.0,-0.36622694361574626,-0.5641700770567071,0.4506595845763809,0.29555999816469625,-1.1787454608615062,0.07278783316628297,false,false
mixed_low,MomentumStrategy,22,0.13636363636363635,-0.2825594519679005,-0.5937204388521792,0.6000499108317128,0.36387651961050127,-1.0548143957668843,-0.08945001070036378,false,true
trend_low,DonchianBreakoutStrategy,12,0.16666666666666666,-0.3471261945272152,-0.6665889244927997,0.5102898027719031,0.29579705999989697,-1.229019836633476,0.0008170651651718591,false,false
mixed_normal,RSIMeanReversionStrategy,24,0.125,-0.47854250597360526,-0.7814314550101648,0.3977466406787788,0.2584604475796463,-1.1868779295592253,-0.31719025702704395,false,true
range_low,SMACrossoverStrategy,8,0.125,-0.5368388009944665,-0.8513034673253357,0.427039737363421,0.28030985606669023,-1.676779147150121,0.1653023984464528,false,false
trend_normal,BollingerBreakoutStrategy,19,0.05263157894736842,-0.6826048532645729,-0.9991783323133656,0.18940673674832112,0.0840118536559434,-1.2819170099292063,-0.6213330873426197,false,true
trend_low,MomentumStrategy,9,0.0,-0.898899520870442,-1.2425994735255101,0.0,0.0,-1.4030557650565407,-0.984928168172822,false,true
range_normal,RSIMeanReversionStrategy,3,0.0,-0.9999999999999982,-1.2514422934853968,0.0,0.0,-1.3540544635650453,-1.1987693922535785,false,true
range_low,RSIMeanReversionStrategy,4,0.0,-1.000000000000003,-1.3118838313294376,0.0,0.0,-1.3570288547807816,-1.2492303624184324,false,true
